clf,params,mean_fit_time,std_fit_time,mean_score_time,std_score_time,mean_test_score,std_test_score,rank_test_score
LogisticIT(),"{'clf__alpha': 1.0, 'clf__max_iter': 250.0}",46.05181805292765,21.24932782245733,0.8046580155690511,0.04755324948516495,0.7873092317221618,0.012114164592110368,1
LogisticIT(),"{'clf__alpha': 1.0, 'clf__max_iter': 500.0}",74.70191303888957,30.254458384383828,0.7277648448944092,0.16936314685382103,0.7872327117826862,0.012205637691398312,2
